spot,rank,satellite
都江堰景区,4.7,"
成都市都江堰市公园路                        "
锦里古街,4.4,"
成都市武侯区武侯祠大街231号                        "
宽窄巷子,4.4,"
成都市青羊区金河路口宽窄巷子                        "
成都动物园,4.6,"
成都市成华区昭觉寺南路234号(驷马桥)                        "
青城山,4.6,"
成都市都江堰市西南部青城山风景区                        "
成都大熊猫繁育研究基地,4.6,"
成都市成华区外北熊猫大道1375号                        "
文殊院,4.5,"
成都市青羊区文殊院街66号                        "
西岭雪山,4.7,"
成都市大邑县西岭镇西岭雪山风景区                        "
国色天乡水上乐园,4.6,"
成都市温江区万春镇国色天乡二期水上世界                        "
武侯祠,4.5,"
成都市武侯区武侯祠大街231号                        "
紫颐香薰山谷,4.2,"
成都市双流县太平镇                        "
金沙遗址博物馆,4.7,"
成都市青羊区金沙遗址路2号成都金沙遗址博物馆                        "
杜甫草堂,4.5,"
成都市青羊区青华路37号                        "
春熙路,4.4,"
成都市锦江区                        "
成都欢乐谷,4.6,"
成都市金牛区西华大道16号                        "
人民公园,4.5,"
成都市青羊区少城路12号                        "
青城后山,4.5,"
成都市都江堰市驿道街66号                        "
国色天乡陆地乐园,4.6,"
成都市温江区万春镇天乡路二段88号                        "
黄龙溪,4.4,"
成都市双流区黄龙溪镇                        "
青羊宫,4.3,"
成都市青羊区一环路西二段九号                        "
天堂岛海洋乐园,4.6,"
成都市武侯区天府大道北段1700号环球中心东区负1层                        "
四川博物院,4.6,"
成都市青羊区浣花南路251号                        "
花舞人间,4.5,"
成都市新津县永商镇梨花大道一段555号                        "
童话森林乐园,4.5,"
成都市天府新区三星镇井石村                        "
成都海昌极地海洋公园,4.5,"
成都市双流区天府大道南沿线南端2039号                        "
安仁古镇,4.4,"
成都市大邑县迎宾路                        "
刘氏庄园博物馆,4.6,"
成都市大邑县安仁镇金桂街15号                        "
洛带古镇,4.2,"
成都市龙泉驿区洛带镇                        "
建川博物馆聚落,4.7,"
成都市大邑县安仁镇迎宾路二段550建川博物馆                        "
中国泰迪熊博物馆,4.3,"
成都市温江区金马国际体育城                        "
天府广场,4.5,"
成都市青羊区人民南路一段                        "
天台山,4.3,"
成都市邛崃市新城汇泉西街1号                        "
新场古镇,4.5,"
成都市大邑县新场古镇                        "
四川大学,4.6,"
成都市武侯区一环路南一段24号                        "
平乐古镇,4.2,"
成都市邛崃市禹王街70号                        "
大慈寺,4.4,"
成都市锦江区大慈寺路23号                        "
南桥,4.5,"
成都市都江堰市花园路都江堰景区大门外侧                        "
国色天乡童话世界,4.4,"
成都市温江区万春镇88号国色天乡乐园                        "
蜀风雅韵川剧院,4.8,"
成都市青羊区琴台路132号市文化公园门口蜀风雅韵民俗茶馆                        "
二王庙,4.4,"
成都市都江堰市都江堰景区内，岷江东岸                        "
昭觉寺,4.4,"
成都市成华区昭青路333号                        "
望江楼公园,4.5,"
成都市武侯区望江路300号九眼桥锦江南岸                        "
安澜索桥,4.5,"
成都市都江堰市都江堰景区内                        "
石象湖,4.6,"
成都市蒲江县成雅高速公路86公里出口处                        "
街子古镇,4.4,"
成都市崇州市惠丰路1号                        "
离堆公园,4.4,"
成都市都江堰市公园路青城山，都江堰风景名胜区内                        "
宝光寺,4.5,"
成都市新都区宝光大道中段80号宝光寺                        "
浣花溪公园,4.7,"
成都市青羊区青华路9号                        "
东郊记忆,4.5,"
成都市成华区建设南支路4号东郊记忆                        "
上清宫,4.4,"
成都市都江堰市青城山景区内                        "
玉垒山公园,4.3,"
成都市都江堰市都江堰景区内                        "
南湖梦幻岛,4.6,"
成都市双流县华阳镇南湖大道428号                        "
三圣花乡旅游区,4.3,"
成都市锦江区幸福梅林景区                        "
成都新世纪环球中心,4.6,"
成都市武侯区天府大道北段1700号                        "
百花潭公园,4.5,"
成都市青羊区一环路西二段175号（芳邻路）                        "
花水湾温泉度假区,4.4,"
成都市大邑县花水湾温泉区                        "
天师洞,4.4,"
成都市都江堰市青城山景区内                        "
九眼桥,4.7,"
成都市武侯区望江路上                        "
建福宫,4.3,"
成都市都江堰市青城山前山景区丈人峰下                        "
宝光桂湖文化区,4.4,"
成都市新都区桂湖中路109号                        "
泰安古镇,4.0,"
成都市都江堰市青城后山泰安古镇中段驿道街232号                        "
虹口自然保护区,4.4,"
成都市都江堰市虹口乡境内                        "
成都川菜博物馆,4.4,"
成都市郫都区古城镇荣华北巷8号                        "
井巷子,4.4,"
成都市青羊区宽窄巷子特色商业街                        "
都江堰鱼嘴分水堤,4.7,"
成都市都江堰市都江堰景区内                        "
合江亭,4.4,"
成都市锦江区府南河畔                        "
塔子山公园,4.3,"
成都市锦江区迎晖路222号                        "
国际非物质文化遗产博览园,4.3,"
成都市青羊区光华大道二段601号（近光耀路）                        "
宝瓶口,4.6,"
成都市都江堰市都江堰风景区内                        "
花水湾第一村温泉大酒店,4.3,"
成都市大邑县花水湾镇温泉南街138号（进景区的右侧）                        "
怀远古镇,4.6,"
成都市崇州市怀远镇                        "
飞沙堰,4.7,"
成都市都江堰市公园路青城山·都江堰风景名胜区内                        "
赵公山,4.0,"
成都市都江堰市玉堂镇境内                        "
日月坪,4.7,"
成都市大邑县西岭雪山景区内                        "
漫花庄园,4.5,"
成都市新都区蜀龙大道南段银杏园路口                        "
四川大学博物馆,4.4,"
成都市一环路南一段24号四川大学内                        "
龙池国家森林公园,4.3,"
成都市都江堰市龙溪乡境内                        "
四川省川剧院,4.4,"
成都市锦江区红照壁街27号                        "
成都蜀锦织绣博物馆,4.5,"
成都市青羊区草堂东路2号                        "
金龙长城,4.2,"
成都市龙泉驿区金龙镇                        "
百工堰公园,4.3,"
成都市龙泉驿区公园路二段186号                        "
刘湘之墓,4.3,"
成都市武侯区武侯祠大街231号武侯祠内                        "
兰桂坊成都,4.7,"
成都市锦江区水津街1号                        "
秦堰楼,4.6,"
成都市都江堰市都江堰景区内                        "
成都工业文明博物馆,4.2,"
成都市成华区建设南路1号                        "
老君阁,4.5,"
成都市都江堰市青城山景区内，彭祖峰顶                        "
郫县望丛祠,4.3,"
成都市郫都区望丛中路3-4号                        "
熊猫谷,4.5,"
成都市都江堰市玉堂镇白马村                        "
金堂云顶山风景区,4.1,"
成都市金堂县境内龙泉山脉中段                        "
龙泉花果山风景区,4.3,"
成都市龙泉驿区南5公里工农村附近                        "
天然图画坊,4.6,"
成都市都江堰市青城山前山景区内                        "
伏龙观,4.5,"
成都市都江堰市都江堰景区内                        "
月城湖,4.3,"
成都市都江堰市青城山旅游区月城湖                        "
花水湾锦泰温泉酒店,4.3,"
成都市大邑县花水湾度假小镇锦泰温泉酒店                        "
龙隐峡栈道,4.5,"
成都市都江堰市青城后山五龙沟中段                        "
天然阁,4.7,"
成都市都江堰市青城山景区内                        "
阴阳界,4.6,"
成都市大邑县西岭雪山风景区内                        "
新津老君山,4.3,"
成都市新津县城南三公里处                        "
全真观,4.6,"
成都市都江堰市青城山景区内                        "
五洞天,4.7,"
成都市都江堰市青城山前山景区内（天然图画坊与天师洞之间）                        "
祖师殿,4.5,"
成都市都江堰市青城山青城前山内                        "
人民公园喝茶,4.9,"
成都市青羊区少城路12号                        "
又一村,4.5,"
成都市都江堰市青城后山内五龙沟之上的桃花溪                        "
大慈寺喝茶,4.6,"
成都市锦江区大慈寺路23号                        "
青羊宫喝茶,4.6,"
成都青羊区一环路西二段9号                        "
朝阳洞,4.5,"
成都市都江堰市青城山景区内                        "
白云万佛洞,4.5,"
成都市都江堰市青城后山                        "
翠映湖,4.4,"
成都市都江堰市青城后山内                        "
泰安寺,3.9,"
成都市都江堰市青城后山泰安古镇内                        "
都江堰博物馆,4.5,"
成都市都江堰市都江堰景区内                        "
飞泉沟,4.8,"
成都市都江堰市青城后山景区内                        "
五彩瀑,5.0,"
成都市大邑县西岭雪山风景区内                        "
梨花溪,4.2,"
成都市新津县永商镇                        "
百丈桥,4.6,"
成都市都江堰市青城后山内                        "
观音寺,4.5,"
成都市新津县城西南7公里处的九蓬山麓                        "
《芙蓉国粹》传奇变脸秀,4.7,"
成都市锦江区华兴正街54号（近王府井）锦江剧场                        "
三潭雾泉,4.7,"
成都市都江堰市青城后山景区内                        "
锦江白鹭湾生态湿地公园,4.7,"
成都市锦江区时蔬路108号                        "
红石堡,4.4,"
成都市大邑县西岭雪山景区内                        "
悦来古镇,4.2,"
成都市大邑县悦来镇                        "
獐子崖,4.5,"
成都市大邑县西岭雪山景区内                        "
成都普罗旺斯国际薰衣草庄园,3.8,"
成都市大邑县安仁镇齐堰村6组                        "
浩海立方海洋馆,4.6,"
成都市双流区蛟龙大道21号海滨城购物中心1层                        "
怪石林,4.6,"
成都市大邑县西岭雪山风景区内                        "
成都映象,4.6,"
成都市青羊区窄巷子16号成都映象川菜馆                        "
新都,4.3,"
成都市北郊                        "
圆明宫,4.6,"
成都市都江堰市青城山景区内                        "
凤尾瀑,4.8,"
成都大邑县西岭雪山风景区（竹溪尽头）                        "
禧来蜀韵园,3.6,"
成都市青羊区宽窄巷子窄巷子31号禧来蜀韵园                        "
观云台,4.9,"
成都市大邑县境内西岭雪山风景区内                        "
锦里古戏台,4.3,"
成都市武侯区武侯祠大街锦里古街                        "
琴台故径,4.2,"
成都市青羊区琴台路                        "
锦绣天府塔,4.6,"
成都市成华区猛追湾街98号                        "
西南民族大学,4.6,"
成都市武侯区一环路南四段16号（武侯校区）                        "
秀丽东方,4.6,"
成都市锦江区锦江大道湿地路秀丽东方园区                        "
鸡冠山,4.5,"
成都市崇州市鸡冠山路                        "
都江堰青城道温泉,4.6,"
都江堰市青城山镇青城大道88号青城山风景区，毗临青城前山山门（青城豪生国际酒店内）                        "
成都永陵,4.1,"
成都市金牛区永陵路10号                        "
金猴峰,4.0,"
成都大邑县西岭雪山风景区内                        "
七叠飞瀑,5.0,"
成都市大邑县西岭雪山风景区内                        "
国色天乡摩天轮,4.7,"
成都市温江区万春镇天乡路二段88号                        "
红石尖,5.0,"
成都市大邑县西岭雪山景区内（前山）                        "
龙潭水乡,4.1,"
成都市成华区航天路                        "
成都植物园,4.3,"
成都市金牛区外北天回镇蓉都大道1116号                        "
文殊坊,4.4,"
成都市青羊区文殊院街66号                        "
元通古镇,4.4,"
成都市崇州市元通镇                        "
成都市文化公园,4.5,"
成都市青羊区一环路西二段7号                        "
九峰山风景名胜区,4.2,"
成都市彭州市九峰山风景名胜景区                        "
四川成都鱼凫国都温泉大酒店温泉,4.4,"
成都市温江区温泉大道四段鱼凫国都温泉大酒店内                        "
三道堰,4.3,"
成都市郫县三道堰景区                        "
中国大熊猫保护研究中心都江堰基...,4.6,"
成都市都江堰市青城山镇石桥村                        "
麦鲁小城,4.4,"
成都市金牛区西华大道6号成都华侨城                        "
温江公园,4.5,"
成都市温江区文化路                        "
诺亚方舟(创业路店）,3.9,"
成都市高新区创业路30号(原恩威旧址)                        "
成都市农科村旅游景区,4.1,"
成都市郫县友爱镇农科村                        "
清水河公园,4.3,"
成都市武侯区西三环路三段辅路                        "
四川科技馆,4.4,"
成都市青羊区人民中路一段16号                        "
凤凰湖湿地公园,4.2,"
成都市青白江区广大路                        "
新都尖锋旱雪四季滑雪场,4.9,"
成都市新都区北星干线成德大道马家镇北星小区对面                        "
红砂村花乡农居,4.3,"
成都市锦江区三圣乡红砂村成龙路北侧                        "
丹景山,4.3,"
成都市彭州市丹景山镇彭白路附近                        "
汉昭烈庙,4.4,"
成都市武侯区武侯祠大街182号附1-1号                        "
白鹿镇,4.2,"
成都市彭州市白鹿镇                        "
《放水大典·道解都江堰》实景演...,4.3,"
成都市都江堰景区北大门旁                        "
神仙树公园,4.4,"
成都市武侯区神仙树南路                        "
朝阳湖,3.7,"
成都市蒲江县朝阳湖镇                        "
三义庙,4.4,"
成都市武侯区武侯祠大街231号成都武侯祠博物馆内                        "
五凤溪古镇,4.3,"
成都市金堂县五凤镇景区                        "
水井坊博物馆,4.3,"
成都市锦江区水井街19号                        "
遇见北欧错觉艺术馆,4.6,"
成都市青羊区顺城大街289号成都富力广场4楼                        "
成都映象看川剧,4.3,"
成都市青羊区窄巷子16号                        "
熊猫主题邮局,4.5,"
成都市青羊区少城路43号                        "
工部祠,4.4,"
成都市青羊区草堂路28号成都杜甫草堂博物馆内                        "
少陵碑亭,4.5,"
成都市青羊区草堂路28号成都杜甫草堂博物馆内                        "
新华公园,4.3,"
成都市成华区双林路87号                        "
小通巷,4.3,"
成都市青羊区小通巷                        "
桂湖公园,4.5,"
成都市新都区桂湖中路92号                        "
灌县古城,4.6,"
成都市都江堰市灌县古城                        "
通济花海,4.7,"
彭州市通济镇乔楼村湔江路通济花海                        "
送仙桥古玩艺术城,4.1,"
成都市青羊区浣花北路24号（近浣花溪公园)                        "
蔚然花海,4.1,"
成都市龙泉驿区同安街道花海路8号                        "
芦沟竹海,3.9,"
四川省成都邛崃市平乐镇                        "
陆福会所,4.4,"
成都市青羊区宽巷子23号                        "
松鼠部落森林假日公园,4.5,"
成都市天府新区合江街道（原合江镇）东山大道二段北侧（近莓园新村）                        "
石人公园,4.0,"
成都市青羊区石人北路2号                        "
铁像寺,4.4,"
成都市高新区盛安街                        "
孙中山铜像,4.4,"
成都市锦江区春熙路北段                        "
兰亭叙,4.4,"
成都市宽窄巷子景区宽巷子29号                        "
平安桥天主教堂,4.3,"
成都市青羊区西华门街25号                        "
诗史堂,4.4,"
成都市青羊区杜甫草堂博物馆内                        "
成都锦城公园,4.4,"
成都市高新区锦悦西路56号                        "
汤乐源温泉体验馆,4.5,"
成都市高新区科园南一路10号                        "
国色天乡尖叫大马戏,4.8,"
成都市温江区万春镇国色天乡乐园                        "
奎星楼街,4.5,"
成都市青羊区奎星楼街                        "
成都大学路,4.3,"
成都市武侯区临近小天竺街                        "
成华公园,4.3,"
成都市成华区游乐园滨河路                        "
成都当代美术馆,4.2,"
成都市高新区天府大道天府软件园C1西楼（近新会展中心）                        "
府南河活水公园,4.2,"
成都市锦江区华星路猛追湾对面                        "
老成都民俗公园,4.3,"
成都市武侯区人民南路四段                        "
五云仙馆,3.8,"
成都市武侯区望江楼公园文物保护区内                        "
温江绿道,4.5,"
成都市温江区                        "
天府玫瑰谷,4.1,"
成都市郫县永泉村隆白路                        "
美洲四季滑雪场景区,4.4,"
成都市高新区民丰大道和新园大道交汇处（国防乐园旁）                        "
九龙沟,4.1,"
成都市崇州市三郎镇九龙沟风景名胜区                        "
崇丽阁,4.0,"
成都市武侯区望江楼公园文物保护区内                        "
灵岩山,4.4,"
成都市都江堰市百花岭路54号                        "
古娘娘庙,4.3,"
成都市青羊区西马道街50号                        "
石经寺,4.3,"
成都市龙泉驿区318国道                        "
亚特兰蒂斯,4.4,"
成都市新津县邓双镇岷江大道一号（距成雅高速公路出口1公里）                        "
第五十届成都国际熊猫灯会,4.2,"
成都市三圣乡七彩田野景区内                        "
蜀江锦院,4.6,"
成都市青羊区草堂东路2号                        "
思蜀园,4.3,"
成都市锦江区天仙桥南路合江亭附近                        "
成都毛主席像,4.4,"
成都市青羊区人民东路                        "
松茂古道,4.7,"
成都市都江堰市都江堰风景区                        "
锦江白鹭溪生态公园,4.3,"
198高威花艺苗木村(近江家菜园)                        "
文翁石室,4.3,"
成都市青羊区文庙前街93号                        "
慧园,4.3,"
成都市青羊区芳邻路3号百花潭公园内                        "
陕西会馆,4.1,"
成都市青羊区陕西街130号                        "
灸正堂健康会馆（人南店）,4.7,"
成都市武侯区玉洁东街2号成达综合楼18栋1单元5楼515室                        "
成都市博物馆,4.6,"
成都市青羊区小河街1号（天府广场西侧）                        "
成都温江国色天香（乡）水世界,4.6,"
成都市温江区万春镇国色天乡二期水上世界                        "
大梁酒庄田园乐翻天乐园,4.5,"
成都市邛崃市临邛镇文笔山村十三组                        "
爱道堂,4.4,"
成都市青羊区通顺桥街通顺桥34号                        "
花水湾四季温泉谷,4.4,"
成都市大邑县花水湾小镇名人温泉酒店                        "
乌木林,4.5,"
成都市金牛区青羊大道227号金沙遗址博物馆内                        "
灸正堂健康会馆（蜀汉店）,4.7,"
成都市金牛区二环路西三段17号彩舍大厦1单元4楼4J-4K室                        "
龙潭寺,4.2,"
成都市成华区                        "
成都U37创意仓库,4.6,"
成都市锦江区水碾河南三街37号                        "
基督教恩光堂,4.1,"
成都市锦江区四圣祠北街17号                        "
三岔湖风景区,4.1,"
成都市简阳市简三路附近                        "
成都巴蜀汉陶艺术博物馆,4.2,"
成都市青羊区酱园公所街9号                        "
罨画池,4.5,"
成都市崇州市崇阳镇大东街54号                        "
成都体育中心,4.4,"
成都市青羊区人民中路一段11号                        "
生命奥秘博物馆,4.6,"
成都市青羊区天府广场负一楼B07                        "
世外桃源大剧院,4.4,"
成都市武侯区科华北路69号                        "
哈哈曲艺社相声,4.4,"
成都市青羊区清江东路360号闲亭（峨影店）                        "
桃花故里,4.3,"
成都市龙泉驿区山泉镇桃源村                        "
尊尚柏丽（紫荆店）,4.8,"
成都市武侯区紫荆南路52号附9号（上海花园）
                        "
白夜酒吧,4.5,"
成都市青羊区窄巷子32号                        "
川西竹海峡谷自然景区（金鸡谷）,4.2,"
成都市邛崃市平乐镇                        "
彭州园,4.7,"
成都市彭州市金彭西路375号                        "
中国文化遗产纪念雕塑,4.3,"
成都市金牛区金沙遗址博物馆内                        "
泡桐树街,4.7,"
成都市青羊区泡桐树街                        "
易园园林艺术博物馆,4.5,"
成都市金牛区金泉路8号                        "
二仙庵,4.4,"
成都市青羊区一环路西二段9号青羊宫内                        "
狐巴巴冒险园,4.9,"
成都市都江堰市莲花湖旅游公路188号                        "
香格里拉“气”SPA,4.8,"
成都市锦江区滨江东路9号香格里拉酒店四楼                        "
流杯池,4.0,"
成都市宜宾市翠屏区岷江北岸天柱山下                        "
彭州龙门山地震遗址公园,4.4,"
成都市彭州市龙门山镇宝山村                        "
都江堰城隍庙,4.5,"
。成都市都江堰市都江堰景区玉垒山南麓、玉垒山广场北侧                        "
嵘御国际男仕SPA会所,4.4,"
成都市武侯区新希望路4号                        "
妈妈农庄,4.2,"
成都市郫县唐昌镇战旗村                        "
乐宝王国（龙湖北城店）,4.4,"
成都市金牛区龙湖北城天街3楼054--062室                        "
谛梵养生会馆,4.8,"
成都市青羊区琴台路107号                        "
卧铁,4.8,"
成都市都江堰市离堆公园内                        "
皇城清真寺,3.9,"
成都市青羊区小河街2号                        "
锦华馆,4.3,"
成都市锦江区春熙路北段40号附1号                        "
薛涛井,3.8,"
成都市武侯区望江楼公园文物保护区内                        "
都江堰水文化广场,4.6,"
成都市都江堰市都江堰大道与太平街交叉                        "
安仁老街,4.7,"
成都市大邑县安仁古镇树人街、红星街及裕民街                        "
明蜀王陵博物馆,4.0,"
成都市龙泉驿区十陵镇大梁村八组 ‎                        "
新繁东湖,4.3,"
成都市新都区新繁镇东湖路（外北街东侧）                        "
沙河公园,4.3,"
成都市金牛区沙河源南路                        "
永康森林公园,3.9,"
成都市武侯区永康大道金花镇永康村                        "
千高原艺术空间,4.5,"
成都市高新区天府一街699号铁像寺水街南区3-5号                        "
冠军溜冰场,4.4,"
成都市高新区剑南大道998号世豪广场4F                        "
许燎源现代设计艺术博物馆,4.3,"
成都市锦江区                        "
四川成都花水湾巴登巴登温泉会所...,4.1,"
成都大邑花水湾南街9号                        "
成都大熊猫生态园旅游博物馆,4.4,"
成都市成华区熊猫大道1375号                        "
棠湖公园,4.6,"
成都市双流县棠湖西路一段2号                        "
金沙庵,4.3,"
成都市青羊区灶君庙街56号                        "
成都御手国医馆（锦里店）,4.7,"
成都市武侯区武侯祠大街123号附22号（近省交通厅）                        "
尊尚柏丽（中华园店）,4.6,"
成都市武侯区桐梓林东路9号中华园D区16号楼一楼
                        "
成都东门城墙遗址,3.8,"
成都市锦江区清莲上街                        "
尊尚柏丽（世纪城店）,4.2,"
成都市武侯区天府大道中段177号天鹅湖花园17栋二楼
                        "
龙兴寺,4.7,"
成都市彭州市龙兴北街                        "
东坡休闲广场,4.4,"
成都市青羊区青羊大道                        "
3D魔幻/魔画世界,4.0,"
成都市锦江区春熙路北段45号高邦大厦3F-5F（乡村基入口或高邦专卖店进入）                        "
星期8小镇,4.6,"
成都市温江区万春镇                        "
虹口漂流,4.5,"
成都市都江堰市虹口乡光荣村九组                        "
碧海云天休闲会馆,4.2,"
成都市金牛区蜀辉路477号（羊犀立交桥内侧）                        "
清溪园,4.9,"
成都市都江堰市离堆公园东南角                        "
博客小镇,4.3,"
成都市龙泉驿区洛带古镇南侧                        "
万亩观光果园,4.3,"
成都市龙泉驿区柏合镇芦溪路                        "
辛亥秋保路死事纪念碑,4.1,"
成都市青羊区人民公园西北角
                        "
青白江博物馆,4.2,"
成都市青白江区凤凰湖二期田园广场旁                        "
乐宝王国（鹏瑞利店）,4.5,"
成都市青羊区光华大道一段光华北三路鹏瑞利青羊广场                        "
巴金文学院,4.4,"
成都市龙泉驿区龙都南路                        "
成都御手国医馆（光华店）,4.8,"
成都市青羊区光华村街85号附301号                        "
何日君温泉水疗（倪家桥店）,4.5,"
成都市武侯区倪家桥2号附8号                        "
成都常乐亚健康调养(金沙店),4.8,"
成都市青羊区金沙遗址88号西贵金沙3楼（建行楼上3楼）                        "
尊尚柏丽（环球店）,4.5,"
成都市武侯区天府大道北段1700号环球购物中心二楼C03
                        "
龙桥黑熊救护中心,4.3,"
成都市新都区龙桥镇薛家船风景名胜区内                        "
乐宝王国（环球中心店）,4.8,"
成都市武侯区高新区天府大道北段1700号（新世纪环球购物中心3楼）                        "
成都观岭国际高尔夫球会,4.5,"
成都市金堂县观岭大道1188号                        "
金鸡谷攀岩,4.3,"
成都邛崃市平乐镇                        "
成都比如世界,4.1,"
成都市锦江区东大路238号成都市妇女儿童中心一层                        "
怡湖公园,4.2,"
成都市青白江区怡湖东路153号                        "
成都理工大学博物馆,4.6,"
成都市成华区二仙桥东三路1号，成都理工大学内                        "
崇州文庙,4.3,"
成都市崇州文庙街169号                        "
成都常乐亚健康调养(航空路店),4.4,"
成都市武侯区航空路7号华尔兹广场3楼（近新希望路）                        "
濯锦楼,3.9,"
成都市武侯区望江楼公园文物保护区内                        "
玛雅密室成都体验馆,4.3,"
成都市青羊区光华村街42号乐宾百货四楼（西南财大后门）                        "
成都博物馆新馆,4.5,"
成都市青羊区小河街1号                        "
花水湾冰火漂流,4.4,"
成都市大邑县花水湾镇                        "
宝狮湖,4.3,"
成都市龙泉驿区长松乡宝狮村                        "
锦江剧场(芙蓉国粹变脸秀),4.6,"
华兴正街54号(近王府井)                        "
双流中心公园,4.7,"
成都市双流县金河路                        "
Key Man密室逃脱,4.7,"
成都市武侯区锦绣路1号保利中心2幢A座18楼13号                        "
成都南郊公园,4.6,"
四川省成都武侯区武侯祠大街235号                        "
五津风景区,4.4,"
成都市新津县                        "
掷笔槽,4.4,"
成都市都江堰市青城山景区内                        "
青白江樱花节,4.1,"
成都市青白江区凤凰湖景区                        "
浣笺亭,3.9,"
成都市武侯区望江楼公园文物保护区内                        "
道源圣城温泉,3.9,"
大邑县鹤鸣山平阳路1号附7号                        "
明堂创意工作区,4.4,"
成都市青羊区奎星楼街55号                        "
文锦江温泉,4.1,"
成都市近郊崇州市万家镇文锦江温泉旅游开发区                        "
蜀乐池温泉休闲中心,4.7,"
成都市温江区凤凰北大街619号                        "
新都泥巴沱,4.2,"
成都市新都区南三公里的毗河南岸                        "
成都御手国医馆（建设路店）,4.6,"
成都市成华区建设北路三段26号成功银玺国际三楼（龙湖三千集）                        "
客家杏花村,4.5,"
成都市青白江区福洪乡杏花村                        "
乐宝王国（世豪广场店）,4.4,"
成都市天府二街999号世豪广场3楼                        "
成都蒲江大溪谷高尔夫球场,4.3,"
成都市蒲江县顺城路88号                        "
成都御手国医馆（紫荆店）,4.8,"
成都市武侯区紫薇东路95号附2号（大蓉和对面）                        "
成都麓山国际高尔夫球场,4.4,"
成都市双流麓山大道二段六号                         "
大中华国际演艺,4.2,"
成都市青羊区人民中路一段15号                        "
成都卧龙谷高尔夫俱乐部,4.6,"
成都市龙泉驿区大面镇飞鹅村卧龙大道1号                        "
成都御手国医馆（广福桥店）,4.9,"
成都市武侯区广福桥正街2号附15号                        "
薛涛纪念馆,3.8,"
成都市武侯区望江楼公园文物保护区内                        "
成都常乐亚健康调养(金牛万达店),4.0,"
成都市金牛区一环路北三段1号（万达广场万达百货5F-05号铺）                        "
龙泉枇杷沟,4.1,"
成都市龙泉驿区                        "
中国艺库,4.0,"
成都市龙泉驿区洛带古镇内，靠近槐树中街                        "
灸正堂健康会馆（浆洗店）,4.4,"
成都市武侯区洗面桥街30号成都高速（交投）大厦B栋12F                        "
侏罗纪温泉公园,4.2,"
成都市都江堰市灵秀路1号（市区近彩虹大道与灵秀路路口）                        "
7D互动影院,4.4,"
成都市金牛区交大路凯德广场二期五楼4号                        "
东郊记忆荷苗小剧场成华小礼堂店,4.4,"
成都市东郊记忆中央大道23号荷苗小剧场成华小礼堂店（近南大门）                        "
何日君温泉水疗（静居寺店）,4.4,"
成都市锦江区静居寺南路88号                        "
国色天乡萌宠乐园,4.6,"
成都市温江区万春镇天乡路国色天乡乐园摩天轮下                        "
洛水湿地公园,4.3,"
成都市龙泉驿区洛带古镇西侧                        "
诺亚方舟（羊犀店）,4.0,"
成都市金牛区金科南路169号                        "
盖碗儿·梨园茶馆（川剧变脸表演...,4.7,"
成都市青羊区天府广场地铁站负一楼B05（生命奥秘博物馆旁）                        "
铁像寺水街,4.5,"
成都市武侯区铁像寺路66号                        "
陈家桅杆,3.8,"
成都市温江区寿安乡天鹅村                        "
成都常乐亚健康调养(世豪店),5.0,"
成都市高新区剑南大道与天府二街交汇处世豪广场6楼                        "
凤凰山公园,4.3,"
成都市金牛区北新干道辅路                        "
安顺廊桥,4.5,"
成都市锦江区滨江东路66号                        "
宝山旅游度假区,4.3,"
成都市彭州市龙门山镇宝山村                        "
成都常乐亚健康调养(建设路店),5.0,"
成都市成华区建设路2号国光大厦附5楼（伊藤洋华堂旁）                        "
天府庄园,3.5,"
成都市青白江区福洪乡幸福村                        "
温江绿道红枫红叶节,4.5,"
成都市温江生态大道踏水段（近国色天香）                        "
玉垒阁,4.4,"
成都市都江堰市城西公园路都江堰风景名胜区内                        "
西街就里,4.6,"
都江堰市古城区西街39号(近南桥)                        "
吟诗楼,3.8,"
成都市武侯区望江楼公园文物保护区内                        "
刘备墓,4.6,"
四川省成都武侯区武侯祠内                        "
MS魔幻空间密室逃脱,4.5,"
成都市金牛区人民北路二段肖家村二巷23号三楼                        "
鹤鸣山,4.2,"
成都市大邑县鹤鸣乡大双路                        "
成都蝴蝶馆,4.4,"
大熊猫基地内                        "
玉垒关,4.4,"
成都市都江堰市都江堰景区 ‎                        "
龙泉湖,4.2,"
成都市龙泉驿区金龙山庄北路                        "
儿童音乐剧《寻梦的猫》,4.5,"
成都市金牛区西华大道16号成都欢乐谷华侨城大剧院                        "
龙藏寺,4.0,"
成都市新都区新繁镇荣军路86号                        "
圣达温泉酒店,4.4,"
成都市青羊区苏坡东路12号                        "
丽辰CEO会所,4.9,"
成都市二环路西二段19号仁和春天酒店7楼                        "
家珍公园,4.3,"
成都市青白江区城厢镇大东街                        "
四川客家博物馆,4.3,"
成都市龙泉驿区八角井街                        "
柏林童话,4.5,"
成都市天府新区新兴镇柏杨村                        "
成都常乐亚健康调养(财富又一城...,5.0,"
成都市成华区一环路府青路立交桥侧财富又一城5楼                        "
IBOX爱盒子创意空间,4.3,"
成都市锦江区牛王庙锦东路一段                        "
白岩寺,4.3,"
成都市大邑县金星乡                        "
成都保利高尔夫球会,4.3,"
成都市蜀龙大道南段1980号                        "
西岭峡谷漂流,4.7,"
成都市大邑县西岭镇云华村                        "
古佛堰,3.8,"
成都市双流县黄龙溪镇                        "
星期六儿童乐园,4.7,"
成都市佳灵路3号红牌楼广场家乐福2F（肯德基旁）                        "
《天府蜀韵》演出,4.4,"
成都市金牛区西华大道16号（欢乐谷大剧院）
                        "
鹿野苑私立石刻艺术博物馆,4.2,"
成都市郫县新民场镇云桥村                        "
南湖梦幻岛嬉水乐园,4.6,"
成都市南延线南湖度假风景区                        "
新津田园牧歌生态农业开发园,3.9,"
成都市新津县花桥镇新普路长春村                        "
天府乡村高尔夫俱乐部,4.5,"
成都市青羊区光华大道一段光耀三路188号                        "
四川国际高尔夫俱乐部,4.2,"
成都市双流县胜利镇云岭路59号                        "
金龙景区,4.1,"
成都市龙泉驿区洛带镇长安街社区，距离洛带古镇约7.5公里                        "
燃灯古寺,4.1,"
成都市龙泉驿区洛带古镇八角井街130号                        "
城厢古镇,4.2,"
成都市青白江区城厢镇                        "
黑暗中对话,4.3,"
成都市锦江区滨江东路232号                        "
常乐足道（红牌楼店）,4.6,"
成都市武侯区二环路西一段2号锦悦酒店一楼（红星美凯龙旁）                        "
江西会馆,3.9,"
成都市龙泉驿区龙泉镇北10公里洛带古镇江西巷                        "
西江月,4.3,"
成都市青白江区祥福镇华家村12组                        "
竹文化陈列馆,4.0,"
成都市武侯区望江楼公园文物保护区内                        "
唐昌镇,4.5,"
成都市郫县                        "
龙门桃花沟,4.7,"
成都市青白江区姚渡镇龙门村桂红路                        "
邛崃竹溪湖,4.1,"
成都市邛崃市西郊白鹤山一侧                        "
和陵,4.2,"
成都市成华区蜀陵路磨盘山麓                        "
三国八阵图遗址,4.0,"
成都市青白江区弥牟镇民族商贸西街                        "
贵和高科农业公园,4.8,"
成都市青白江区城厢镇古城桥村                        "
绿舟公园,3.7,"
成都市青羊区 ‎                        "
读竹苑,3.8,"
成都市武侯区望江楼公园文物保护区内                        "
静惠山公园,4.3,"
成都市大邑县滨河路中段                        "
成都武侯祠博物馆长滩湖基地,4.5,"
四川成都市武侯祠大街231号                        "
沙湾棕榈泉游泳馆,4.8,"
成都市沙湾路258号加州花园酒店贵宾楼5楼                        "
音乐剧《金沙》演出,4.3,"
成都市金牛区金博路9号金沙剧场                        "
四川音乐学院,4.5,"
成都市武侯区新生路6号                        "
三学寺,4.3,"
成都市金堂县                        "
异次元密室逃脱旗舰店,4.5,"
成都市青羊区西大街1号新城市广场电影城3楼                        "
紫坪铺水库,4.5,"
成都市都江堰市麻溪乡紫坪铺紫坪村境内                        "
盒子密室,4.6,"
成都市锦江区总府路王府井C座8楼                        "
都江堰青城山高尔夫俱乐部,4.3,"
成都都江堰市青城山脚下大观镇                        "
成都常乐亚健康调养(北城天街店),4.7,"
成都市金牛区五块石龙湖•北城天街5-22（北城派对KTV入口电梯上5楼）                        "
百工堰顺湖真人CS基地,4.1,"
成都市龙泉驿区百工堰村                        "
麦鲁小城（锦江店）,4.5,"
成都市锦江区东大路238号妇女儿童中心一楼                        "
薛涛墓,3.2,"
成都市武侯区望江楼公园文物保护区内                        "
青城外山,4.0,"
成都市都江堰市大观镇                        "
岷江新濠温泉,4.8,"
成都市都江堰市都江堰大道388号                        "
花园沟景区,4.2,"
成都市青白江区清泉镇花园村                        "
奎光塔,4.6,"
成都市都江堰市奎光路                        "
临邛古城,4.4,"
成都市邛崃市大北街                        "
秘图-密室逃脱,4.7,"
成都市武侯区锦绣路1号保利中心东2栋511室                        "
乐山,4.4,"
中国西南，成都市平原南部乐山市                        "
仁康葡萄庄园,4.0,"
成都市青白江区姚渡镇光明村8组                        "
石象寺,4.5,"
成都市蒲江县石象湖景区内                        "
川军抗日阵亡将士纪念碑,4.5,"
祠堂街1号                        "
四季冰雪王国-国色天乡（五期）,3.9,"
成都市温江区万春镇天乡路二段89号                        "
西来古镇,3.9,"
成都市蒲江县桥楼街                        "
群光广场,4.7,"
成都市锦江区正科甲巷8号                        "
云顶石城,4.4,"
成都市金堂县淮口镇                        "
爱情斑马线,4.3,"
成都合江亭附近                        "
熊猫兵团VS巨型大黄鸭星期8广场...,4.3,"
成都温江区江宁南路888号（国色天乡陆地乐园对面）                        "
梨花沟风景区,4.2,"
成都市金堂县栖贤乡集三路附近                        "
家园国际酒店温泉会所,4.7,"
成都市机场路181号                        "
九九勇士野战营（清水河公园CS基...,4.5,"
成都市西三环路三段武侯区清水河公园3号门游乐场旁                        "
异次元密室逃脱新城市mini店,4.2,"
成都市青羊区西大街1号新城市广场D2栋13楼161室                        "
三昧水,4.3,"
成都市彭州市                        "
异次元密室逃脱春熙店,4.3,"
成都锦江区联升巷18号京都大厦13楼1309室（近伊藤洋华堂）                        "
华希昆虫博物馆,4.5,"
成都市都江堰市青城山脚下                        "
四川美术馆,4.4,"
人民西路20号                        "
成都SS密室,4.4,"
成都市武侯区世纪商业广场4楼东方世纪影城内好又多楼上                        "
清婉室,3.8,"
成都市武侯区望江楼公园文物保护区内                        "
平乐漂流,3.6,"
邛崃市平乐古镇骑龙街上段267、269号 （与上河郡相邻）。                        "
彭州白鹿上书院,4.5,"
彭州市白鹿镇的深山中                        "
樱桃山旅游景区,4.3,"
成都市蒲江县光明乡金花村                        "
彭州市图书馆,4.6,"
成都市彭州市金彭西路389号                        "
阿斗井,4.4,"
武侯祠大街231号附1号锦里内                        "
古藤堡疯狂农庄,4.1,"
成都市新津县兴义镇古藤堡园区                        "
九龙沟漂流,4.4,"
成都市崇州市三郎镇欢喜村（近九龙沟风景名胜区）                        "
线索真人密室逃脱俱乐部,4.2,"
成都市青羊区光华村街大地新光华广场A区3楼3号(近西南财大)                        "
邛崃回澜塔,4.1,"
成都邛崃市邛蒲路                        "
文君井公园,4.3,"
成都市邛崃市幸福路                        "
同翔户外飞行基地,5.0,"
成都市安仁镇同翔飞行基地（金谷域澳洲庄园）                        "
成都市美术馆,4.5,"
四川省成都市支矶石街59号                        "
三和老爷车博物馆,4.5,"
成都市机场路新园南一路2号                        "
成都电子科技大学,4.6,"
中国四川省成都市成华区建设北路二段4号                        "
国防乐园野战俱乐部,4.1,"
成都市高新区石羊场新园大道17号（石羊客运中心站旁）                        "
友爱镇农科村,4.2,"
成都市郫县迎宾路与IT大道交叉口                        "
环球明星蜡像馆,4.5,"
成都市高新南区天府大道北段1700号，环球中心负一层地铁商业B区                        "
天宝温泉,4.6,"
成都市彭州市龙门山镇宝山村                        "
宝贝江湖小镇,4.5,"
成都市双流区大件路白家段280号韩国城购物中心3号门                        "
锦里结义楼三国演出,4.2,"
成都市武侯区武侯祠大街231号锦里内                        "
三阶密室逃脱,4.6,"
成都市锦江区春熙路北口王府井百货C座15楼                        "
超级密室X-ROOM,4.3,"
成都市高新区锦城大道666号奥克斯广场4号门2楼                        "
"""宽窄堂会”川剧变脸秀",4.5,"
成都市青羊区窄巷子3号                        "
极速空间站,4.4,"
成都市金牛区西华大道16号华侨城广场                        "
大风堂书画院,4.7,"
浣花南路112号                        "
栓马石,4.5,"
成都市青羊区宽窄巷子                        "
黄龙溪博物馆,3.6,"
成都市双流县黄龙溪古镇内                        "
乌木艺术博物馆,4.3,"
成都市都江堰市青城大道中兴段花木城                        "
五龙沟,4.7,"
成都市都江堰市青城后山                        "
郫县绿道,4.4,"
成都市郫都区迎宾路东200米                        "
三星堆艺术馆,4.6,"
武侯祠大街238号                        "
茶溪谷,4.5,"
成都市都江堰市向峨乡石碑村                        "
格林庄园,4.5,"
成都市大邑县苏家镇香林村8组                        "
太阳湾景区,4.0,"
成都市彭州市龙门山镇宝山村                        "
蜀国鹃都,4.1,"
成都市郫县郫筒镇街道办唐太路蜀国鹃都景区                        "
陈公馆密室逃脱,5.0,"
成都市双流县西航港锦华路2段166号温资金港中心7楼702室                        "
鸳鸯井,4.2,"
成都市都江堰市青城山彭祖峰东坡上的上清宫右侧                        "
小渔洞大桥遗址,4.3,"
成都市彭州市彭白路                        "
青城湾湿地庄园,4.2,"
成都市都江堰市柳街镇金龙村                        "
七彩田野,4.3,"
琉新路88号七彩田野(白鹭湾附近)                        "
翠湖湾野外真人CS基地,4.5,"
成都市龙泉驿区公园路二段                        "
花水湾叠香溪温泉,3.8,"
成都市大邑县花水湾度假小镇叠香溪温泉酒店                        "
桂溪生态公园,4.3,"
天府一街北50米                        "
黄龙溪潮音寺,4.1,"
成都市双流县黄龙溪镇正街57号                        "
薛涛像,3.8,"
成都市武侯区望江楼公园文物保护区内                        "
鹤鸣山道源圣城文化景区,3.7,"
成都市大邑县鹤鸣乡三丰村                        "
閒仙阁(茶&香),4.6,"
天和路69号9栋1102(皇城花卉)                        "
一带一路2018国际灯会,4.0,"
成都市新都区三河场立交桥与蓉都大道天回路交叉口西50米                        "
川剧艺术陈列馆,4.6,"
成都市锦江区华兴正街54号                        "
四川电视塔,4.2,"
成都市成华区四川广播电视塔                        "
麦卡睿王国,5.0,"
成都青白江清泉镇福洪乡                        "
精灵工厂儿童体验馆（国色天乡乐...,4.2,"
成都市温江区万春镇温江国色天香（乡）一期内西班牙馆                        "
梦幻水母馆,4.6,"
成都市天府大道南沿线南端2037号                        "
双泉水帘,4.4,"
成都市都江堰市青城后山飞泉沟                        "
蓝光水果侠主题世界,4.3,"
成都市都江堰市玉堂镇鑫玉大道130号（都汶高速路口）                        "
三溪白庙村,4.4,"
成都市金堂县三溪镇白庙村                        "
成都精英团野外拓展训练俱乐部,4.6,"
成都市金牛区两河城市森林公园两河路B3栋（丹桂坊旁）                        "
宋代石刻长廊,4.6,"
锦里内                        "
乐宝王国（海滨城店）,4.7,"
成都市双流县海滨城购物中心B座3楼                        "
蛟龙港展示中心,4.3,"
成都市双流县南河路                        "
巴顿激战NERF真人CS,4.5,"
贝森路58号西村大院负一楼134-137号(文化宫)                        "
江安河生态漂流,4.7,"
成都市温江区万春镇天乡路二段193-197号                        "
黄龙溪蝴蝶迎新主题园,4.6,"
成都市双流县黄龙溪古镇主街三县衙门前院内真龙街69号                        "
青白江凤凰湖,4.3,"
成都市青白江区广大路                        "
青城两河漂流,4.0,"
成都市都江堰市大观镇滨江村3组                        "
飞越丛林探险乐园（锦绣城园区）,5.0,"
成都市天府新区兴隆镇瓦窑村四组200号                        "
红军长征纪念馆,4.7,"
成都市邛崃市                         "
大公园,4.4,"
四川省成都市青羊区成飞大道                        "
应天寺,4.2,"
成都市双流县胜利镇牧华路                        "
飞翔家亲子乐园—航空主题儿童乐...,4.6,"
成都市武侯区府城大道中段88号九方购物中心三楼                        "
天国寺,3.0,"
成都市都江堰市大观镇麻岩村                        "
金牛公园,4.2,"
茶店子西口(钉子路口)                        "
子龙庙,4.5,"
成都市大邑县城东1公里银屏山下赵云墓前                        "
西蜀第一街,4.9,"
武侯祠大街231号附1号锦里内                        "
柳街镇,3.9,"
成都市都江堰市柳街镇                        "
九九勇士野战营（三圣乡天圆山庄...,4.6,"
成都市锦江区三圣花乡红砂村联合一组318（天圆山庄）                        "
九九勇士野战营（三圣乡传化农业...,4.5,"
成都市锦江区三圣花乡红砂村联合一组325（传化农业基地）                        "
白鹿森林公园,4.0,"
成都市彭州市白鹿镇                        "
青城山睿宏酒店温泉,4.6,"
成都市江堰市青城山镇味江村8组                        "
uknow真人密室逃脱俱乐部,4.5,"
成都锦江区九眼桥老马路鸿禧花园B座二单元6楼603室                        "
成都市城乡规划展览馆,4.7,"
四川省成都市青羊区人民中路一段15号(天府丽都喜来登饭店附近)                        "
郫县古城遗址,4.2,"
成都市郫都区古城镇                        "
邻里水乡养生理疗会所,4.8,"
 成都市温江区万春镇江宁南路266号                        "
瓮亭公园,4.2,"
成都市邛崃市学道街                        "
成都隋唐窑址博物馆,4.2,"
成都市青羊区青羊宫商圈成都隋唐窑址博物馆                        "
东方广场(鼓楼南街),4.6,"
鼓楼南街                        "
优植生活植物体验馆,4.9,"
成都市武侯区天益街78号融城理想13栋4单元102室                        "
不屈战俘馆,4.7,"
成都市大邑县安仁古镇建川博物馆聚落内                        "
烟霞湖,4.0,"
成都市大邑县青霞镇                        "
知春园真人CS,3.9,"
成都市锦江区三圣乡幸福梅林游客接待中心旁知春园农家乐                        "
花水湾樱花柏栎度假酒店温泉,3.8,"
成都市大邑县花水湾温泉度假区                        "
矩阵密室逃脱,4.2,"
成都市青羊区西大街1号新城市广场D幢4楼402b                        "
大逃脱家密室,4.2,"
成都市成华区建设路8号（近伊藤洋华堂，高地中心）                        "
辉耀实境真人密室,4.5,"
贝森北路一号西村大院3号楼208-2号                        "
爱尔城运动工场,4.1,"
成都市青羊区贝森北路西村大院负一楼                        "
白塔湖,4.1,"
成都市崇州市道明镇西北白塔山                        "
结庐会所,4.6,"
都江堰市幸福大道银杏广场内                        "
雅文化园,4.6,"
大石东路                        "
太空嘉年华,4.8,"
成都市金牛区欢乐谷入口处左侧婚礼宫                        "
简阳白塔园,3.6,"
简阳市区南郊                        "
古蜀皇茶茶文化生态体验园,3.6,"
成都邛崃市夹关镇韩坪村                        "
东坡公园,4.5,"
东坡路                        "
幸福场秀丽东方,4.4,"
成都市锦江区幸福联合四组316号（秀丽东方景区内）                        "
青年城邦,4.3,"
成都市武侯区草金路29号（金双楠二期）青年城邦                        "
诸葛庐,4.6,"
锦里内                        "
香槟广场,4.4,"
成都市锦江区红星路三段103号                        "
南宝山,4.8,"
成都邛崃市南宝山镇鸳鸯沱                        "
文井江,5.0,"
成都市崇州市                        "
望江楼古建筑群,4.5,"
望江路30号                        "
踏浪水上乐园,4.3,"
成都市青白江区云石路福洪镇先锋村村委会对面                        "
御垒山居酒店温泉,4.6,"
成都市都江堰市建设路413号                        "
八阵图密室逃脱,4.0,"
成都市锦江区二环路东五段29号万达锦华城8单元3004室                        "
四道风茶楼,4.5,"
蜀光路6号大西地商务酒店4楼                        "
五凤山森林公园,4.0,"
成都市简阳市望水乡老鹰水库旁                        "
三木源健康馆,5.0,"
成都市成华区建设路9号高地中心5楼                        "
欧悦真冰场,4.9,"
成都市双流县蛟龙大道21号海滨城1楼A区                        "
四川省锦城艺术宫,4.5,"
成都市人民东路61号                         "
忘忧谷漂流,4.0,"
都江堰市青城山大观镇茶坪村。                        "
5D动感体验馆东区音乐公园,4.2,"
成都建设南路东区音乐公园中央大道49号                        "
安澜庄园,4.5,"
彭州市龙门山镇宝山村宝山温泉风景区入口800米处                        "
幻城真人密室逃脱俱乐部,4.3,"
成都市金牛区交大沃尔玛斜对面银河北街2号宏源新居6栋3单元601                        "
海豚湾水上乐园,4.6,"
彭州市丽水镇黄龙村(陈家大院)。                        "
水晶溶洞,4.4,"
成都市都江堰市青城后山泰安古镇                        "
川军抗战馆,4.7,"
成都市大邑县安仁古镇建川博物馆聚落内                        "
张松银杏,4.7,"
成都市都江堰市公园路青城山都江堰风景名胜区内                        "
成都智屋娱乐真人密室逃脱桌游吧,4.3,"
成都市锦江区正成财富ID一单元3101号                        "
HOUSE OFF牙尖帮真人密室逃脱温...,4.3,"
成都市温江区南熏大道三段878号海峡新城?爱琴海3栋三单元507室                        "
光严禅院,4.4,"
成都市崇州市街子古镇凤栖山上                        "
万里码头园区,4.4,"
南浦东路                        "
上普·财富中心广场,4.6,"
四川省成都市锦江区大业路6号                        "
平沙落雁文化街,4.8,"
成都市邛崃市平乐古镇内                        "
天府花溪谷,4.4,"
成都市大邑县金星乡和平村                        "
象形书坊,3.5,"
成都市高新区中和大道二段中和二街66号军安卫士花园                        "
中山广场,4.5,"
四川省成都市锦江区步行街                        "
无间密室,4.8,"
武侯祠大街242号(吴铭火锅旁)                        "
遗迹馆,4.5,"
成都市青羊区金沙遗址路2号                        "
成都蓝顶艺术区,5.0,"
成都市双流县杨家湾蓝顶艺术区                        "
味江景区,4.4,"
四川省成都市崇州市街子古镇                        "
黄龙溪廊桥,4.6,"
成都市双流县学府路10号                        "
新引力蹦床运动俱乐部,4.4,"
成都市新都区蓉都大道北一段36号                        "
ROOM ESCAPE真人密室逃脱成都站,4.3,"
成都青羊区新城市广场路口宁夏街209号810室                        "
香港MAG环球3D魔幻馆(亚洲巡展成...,4.4,"
四川成都天府广场负一层今站购物中心正门                        "
白鹤山,4.4,"
成都市邛崃市区西郊                        "
古龙寺,4.4,"
成都市双流县黄龙溪镇皇金路78号黄龙溪古镇旅游景区内                        "
简朴寨土菜馆,4.7,"
青白江麻将街长河郡第一栋正对面(郡第一栋对面)                        "
都江堰市高科技农业旅游园,4.3,"
成都市都江堰市崇义镇双土村                        "
T博士密室逃脱,4.7,"
成都锦江区红瓦寺街学府花园书香榭7A(川大学府影城楼旁)                        "
白水河自然保护区,4.5,"
成都市彭州市                        "
凤栖山,4.0,"
成都市崇州市天子山西面                        "
十方堂邛窑遗址博物馆,4.3,"
成都市邛崃市什邡村                        "
灵岩寺,4.3,"
成都市都江堰市区北5公里幸福乡灵岩山七星岩下                        "
九里堤公园,4.5,"
九里堤南路                        "
黄忠文化广场,4.5,"
同友路                        "
虹都水岸酒店,4.1,"
成都市都江堰市虹口乡高原村虹都水岸酒店                        "
X记忆真人密室逃脱旗舰店,4.1,"
成都市锦江区天府广场原钟楼旁圣瑞大酒店4楼(仁和春天对面)                        "
锦江湿地公园,4.6,"
成都市锦江区三圣花乡A区                        "
lost密室逃脱体验馆,5.0,"
大石西路86号长乐坊2楼202号(宝岛眼镜旁)                        "
西南石油大学,4.6,"
四川省成都市新都区新都大道8号                        "
九眼桥码头遗址,4.3,"
九眼桥                        "
芙蓉第,4.6,"
武侯祠大街231号附1号锦里内                        "
扬雄墓,4.1,"
成都市郫县西南11公里三元场友爱镇                        "
花楸山,4.4,"
成都市邛崃市平乐古镇境内                        "
鹤林禅院,4.4,"
成都市邛崃市白鹤乡鹤鸣村白鹤山麓                        "
成飞公园,4.3,"
纬一路220(近成飞广场)                        "
荒石公园(独立设计体验店),4.3,"
花牌坊街40号王家巷口无里创意园内庭广场一楼                        "
安靖蜀绣公园,4.2,"
成都市郫县安靖镇                        "
Air Pang Pang韩国亲子嘉年华,4.9,"
成都市成彭高速彭州出口处（彭州南部新城中国成都国际时尚中心）                        "
熊猫林,5.0,"
成都市大邑县西岭镇                        "
三岔湖国际垂钓露营基地,4.0,"
成都市简阳市简三路附近                        "
农家果园,4.7,"
泡桐树街19号附5号                        "
平乐古镇风情园,4.1,"
成都邛崃市平乐镇                        "
回龙沟,4.5,"
成都市彭州市龙门山国家地质公园内                        "
镇江寺,4.5,"
成都市双流县黄龙溪镇正街91号                        "
阳平观,4.5,"
成都市彭州市新兴镇阳平村彭白路                        "
花田喜事,5.0,"
成都市温江区永宁镇花篱社区16组（温江区永宁镇葵花基地）                        "
银爵舞蹈工作室,4.9,"
武侯区新会展中心南门成达佳园活动中心3楼                        "
时空门真人密室逃脱,4.6,"
成都市锦江区正成财富ID一单元3101号                        "
黄忠公园,4.5,"
蜀汉路黄忠公园                        "
异次元密室逃脱万达广场店,4.2,"
成都锦江区二环路东五段29号万达广场锦华城8单元2201                        "
摩天轮,4.7,"
成都欢乐谷欢乐时光区                        "
孙中山先生铜像,4.4,"
春熙路北段                        "
老地方茶铺,4.8,"
龙祥路2号附137                        "
潜行密室·VR体验馆,4.3,"
武侯区洗面桥街22号城市阳光大厦22楼6号(新博美装饰城)                        "
都江堰VR全景旅游体验,4.9,"
成都市都江堰景区伏龙观广场                        "
普照寺,4.5,"
成都市都江堰市大观镇青城外山                        "
茶店子公园,4.6,"
育仁西路31号                        "
大源中央公园,4.3,"
高新区天府二街777号                        "
陈家水碾,4.0,"
成都市双流县黄龙溪景区内                        "
萌宠乐园,3.8,"
熙悦广场1栋3楼                        "
文殊阁,4.3,"
文殊院内                        "
麓湖生态城,5.0,"
天府大道南延线一段旁                        "
火井古镇,5.0,"
成都市邛崃市西31公里处                        "
西村,4.1,"
成都市青羊区贝森北路1-5号                        "
天国山,4.3,"
成都市都江堰市两河乡                        "
星门密室,4.1,"
锦绣路1号保利中心B座14层1401-1402室(近成都银行/平安银行/泰色天香)                        "
古琴台,4.5,"
琴台路                        "
NEVERLAND 梦幻岛游乐园,3.8,"
琉璃一街151号                        "
哆呐星球,3.8,"
成都市双流区白衣上街177号（城南国际优品道广场）                        "
高堂寺,3.7,"
成都市大邑县敦义乡                        "
东湖公园,4.5,"
二环路东五段99号(锦江与沙河交汇口北)                        "
飞派飞行俱乐部,5.0,"
成都市双流区黄龙溪大河村                        "
金丝楠乌木艺术馆,4.5,"
领事馆路9号附2号                        "
左脑密室,4.7,"
建设路钻石广场A座1817                        "
梅园,4.5,"
蓝天路3号附5号旁                        "
X记忆真人密室逃脱mini店,4.3,"
成都市成华区建设路第五大道星美沙河影城6楼6号                        "
笑艺场相声社,4.1,"
望平街25号2楼天府古戏园(近香香巷)                        "
way here,4.7,"
锦绣路1号保利中心东二栋512室                        "
胡家大院,4.5,"
成都市新津县金华镇                        "
emitime实景密室逃脱(秘图分店),4.3,"
科华北路盛隆街保利中心c座1408室(兵哥豌豆面 钟水饺 成都银行 锦绣路)                        "
芒城古城址,4.0,"
成都市都江堰市青城乡芒城村                        "
千佛塔,3.6,"
成都市都江堰市幸福镇灵岩山南麓                        "
成都国际会展中心,4.4,"
四川省成都金牛区沙湾路                        "
记忆四川,5.0,"
宽巷子37号(窄巷子42号)                        "
芒刺真人剧情密室逃脱(机关型),4.5,"
一环路南一段12号红瓦寺街学府花园锦学阁20楼AF                        "
四川大学华西医学中心,4.3,"
四川省成都武侯区人民南路三段17号                        "
九又四分之三密室逃脱,4.8,"
春熙路王府井B座12楼12D号                        "
飞仙阁,3.7,"
成都市蒲江县                        "
5D星空错觉艺术馆,3.3,"
锦江区小科甲巷1号第一城B座19楼（IFS熊猫对面，凯宾酒店入口）                        "
乌尤寺,3.5,"
成都市新津县                        "
嗨堡儿童乐园,4.3,"
新乐中街神仙树缤纷四号楼二楼                        "
杨梅小镇,5.0,"
成都市双流区东山大道四段三星镇创业路1号                        "
西北桥河边公园,4.3,"
一环路北二段(九里堤南路东)                        "
万福桥码头,4.7,"
人民北路一段2号斜对面                        "
幸福庄园,5.0,"
成都市青白江区福洪镇幸福村                        "
慢时光鲜花小镇,5.0,"
成都市温江区寿安镇百花路路口                        "
优品道动漫水世界,5.0,"
成都市双流区优品道广场                        "
无间密室(mini店),4.8,"
高升桥东路2号罗马假日广场高盛中心3楼303室                        "
浣花夫人祠,4.2,"
成都市青羊区草堂路28号杜甫草堂内                        "
筝悦会--古筝私塾,4.6,"
蜀辉路8号中大君悦金沙5期13栋                        "
和德儒艺术馆,4.7,"
天府大道北段1700号环球中心洲际酒店16F1-1-1408                        "
童话森林亲子乐园,4.5,"
成都市凤鸣西路与江源北路交叉口东100米                        "
长滩湖,3.3,"
成都市蒲江县                        "
icube心理游戏俱乐部,4.6,"
航空路7号华尔兹广场内(近新希望路)                        "
保利198公园,5.0,"
成都市新都区蜀龙大道南段1980号                        "
高新体育公园,4.7,"
高新区神仙树南路南方半岛花园南                        "
OneMore玩么剧情密室,4.0,"
锦绣路34号棕北国际2栋2单元2703(保利中心AB座对面，棕石网咖旁的小巷走20米)                        "
时空迷阵密室逃脱,4.0,"
春熙路小科甲巷1号第一城B座29楼(IFS熊猫对面，凯宾酒店入口)                        "
茶文化公园,4.5,"
育仁北路                        "
大禹农庄,4.7,"
高新区天益街38号理想中心4栋14楼1407号                        "
星光盒子声音工厂,4.5,"
老马路18号廊桥乐章1栋1006室(近音乐学院)                        "
宝山温泉,4.2,"
成都市彭州市彭白路135号                        "
中华蝴蝶生态城,4.0,"
成都市彭州市隆丰镇大宝村新彭白路旁                        "
丽都公园,4.4,"
丽都路1号(丽都公园内)                        "
仙山花谷,4.5,"
成都市彭州市葛仙山万年场仙山花谷                        "
天府花都,4.0,"
成都市郫都区                        "
艺林关美术馆,4.5,"
琴台路135号                        "
艺家国际画廊,4.7,"
天和西三街330号                        "
好秾人有机农庄景区,4.0,"
成都市桃洪路西150米                        "
府南河,4.8,"
红星路一段与华星路交叉口                        "
御恺谷鸡血石艺术馆,4.7,"
青华路2号附14号                        "
众成机器人科创中心,4.8,"
成都市高新区环球中心N5区610                        "
富氧温泉,3.0,"
成都市崇州市文锦江温泉旅游开发区                        "
战地室内真人CS,4.7,"
顺城大街289号富力广场(原熊猫城)5楼(富力酒店左手边富力广场！体育馆附近)                        "
十八里香草沟,3.0,"
成都市邛崃市天台山景区                        "
磐陀寺,3.0,"
成都市邛崃市磐陀村                        "
桃花溪渡假公园,3.0,"
成都市都江堰市青城后山内五龙沟之上的桃花溪又一村内                        "
龙王庙建筑群,3.0,"
成都市都江堰市龙溪乡龙池镇龙池国家森林公园内                        "
四川省文化馆,4.3,"
营门口路4号                        "
梦想剧场,4.5,"
九兴大道137号                        "
奇门密室,4.6,"
成都市崇州市学苑北路52号                        "
东篱翠湖公园,4.7,"
琉璃路大沙河桥西边                        "
碧喜夫人艺术馆,4.7,"
科华北路棕苑巷5号2单元5号                        "
华美紫馨国际剧场,4.2,"
水碾河路48号                        "
聚空间话剧剧场(东郊记忆),4.0,"
东郊记忆园区影立方2F                        "
连二里市,3.0,"
成都市温江区永盛镇尚合社区                        "
尚润度假酒店城市温泉,4.2,"
成都市新津县岷江大道三段1199号                        "
锦绣巷,4.6,"
四川省成都武侯区美领事馆美食区                        "
诗书画院,4.4,"
百花潭路10号                        "
鞍子河自然保护区,2.5,"
成都市崇州市鸡冠山乡西北境内                        "
三圣乡白鹭湾湿地公园自助烧烤(...,3.7,"
三圣街道驸马社区联合三组89号(白鹭湾湿地公园)                        "
高新区桂龙公园,4.9,"
中国成都市武侯区新会展中心公交站                        "
檩然温泉,3.8,"
成都市都江堰玉堂镇玉府路131号                        "
大观艺术馆,4.3,"
天府大道环球中心E2-610                        "
润道茶社,4.0,"
光华西三路156号                        "
成都文庙,4.5,"
四川省成都青白江区境内                        "
疯狂竞技场(大悦城店),4.3,"
大悦路518号大悦城商场右侧喷泉处SPAO服装店门口进入坐扶梯到4楼                        "
雍闲湾,4.4,"
东坡路45号                        "
散花楼,4.5,"
成都市青羊区锦里西路                        "
香园,4.7,"
文殊院街(文殊院隔壁)                        "
苏坡公园,4.4,"
龙嘴村二组                        "
趣乐美金雁体验中心,4.6,"
成都市武侯区晋阳路184号金雁大厦10楼                        "
西南剧院,4.6,"
正通顺街98号(北东街)                        "
WM gallery艺术画廊,4.5,"
晶融汇购物中心二楼                        "
金钥匙密室逃脱,4.5,"
太升北路11号鹏宇大厦B座805室(近弗斯达酒店)                        "
魂·真人密室,4.5,"
春熙路京都大厦908                        "
九龙沟金漪楼农家乐(金漪楼农家...,4.3,"
三郎镇红纸村5组(九龙沟风景区旁)                        "
连锁陷阱密室(新城市广场店),4.0,"
西大街1号新城市广场D栋4F                        "
奥秘之家密室逃脱(成都旗舰店),4.3,"
东大街6号蓝光大厦21层06号                        "
X先生密室(成都旗舰店),4.2,"
建设南支路4号东郊记忆园区内(近火车头广场)                        "
誉园,4.0,"
万寿桥路                        "
茶香居,4.7,"
西二道街25号附13                        "
李家钰公馆,4.3,"
文庙前街92号(成都石室中学)                        "
九龙峡漂流,3.9,"
崇州市三郎镇红纸村                        "
水立方,4.0,"
青城山大观镇滨江村3组，青城水立方                        "
六度机械密室(街子古镇店),4.0,"
街子镇农贸市场西大门斜对面                        "
众绿生态园,4.0,"
车城大道                        "
谜城密室逃脱,4.5,"
一环路北三段金牛万达广场SOHOD座2405室                        "
An影剧情密室,3.5,"
锦绣路保利中心C座-1912                        "
牧满园,5.0,"
双流区胜利镇牧满园                        "
K密室真人密室逃脱,4.3,"
成都市双流县西航港区临港路四段9号和贵?久居福25栋1单元1楼102号                        "
沙河三洞古桥公园,4.5,"
三友路187                        "
君平园,4.2,"
君平街26号                        "
优加生活锦华店,4.4,"
成都市锦江区二环路东五段万达生活广场                        "
成华雕塑公园,4.3,"
双林中横路                        "
高新国际广场,4.6,"
四川省成都市武侯区天府大道北段 ‎                        "
石羊场文化广场,4.8,"
新乐北街                        "
夜幕全机械密室(成都旗舰店),4.7,"
春熙路王府井B座14楼D单元(锦江剧场斜对面)                        "
异次元世界密室(异次元世界),4.1,"
中同仁路8号(成都市妇幼保健院对面)                        "
成都常乐亚健康调养（简阳店）,3.3,"
简阳市天成路锦江家园8号楼1楼常乐足道（楠沣海鲜大酒楼旁）                        "
花溪农场,3.8,"
成都市都江堰市蒲阳镇花溪村                        "
大雅堂,4.4,"
成都市青羊区青羊宫商圈草堂路36号                        "
竹海洞天,4.5,"
成都市都江堰市蒲阳镇铜马沟                        "
签香园,3.3,"
文昌街(雪莲花园、同济医院)                        "
广播电视塔,4.4,"
猛追湾街168号                        "
幸福梅林农家乐 烤全羊(三圣乡农...,4.3,"
三圣乡花乡农居水杉路332号(田园居内)                        "
